,Dimjendar,,,
,Dictionnaire Français-âde brut,,,Șș Áá Ëë Íí Öö
,,,,
,FR,ADI,Origine,
,(être) revendiqué,Vendikaczyö,,
,A,A,,
,A bientôt,Voz mada,,
,À bientôt ,Voz madda,,
,À cause ,Alaz,,
,À eux,Asewí,,
,À nous ,Akamí,,
,à partir de,Deșdu,,
,À peine ,Ryvpëna ,De Ryv (Á) et Pëna (peine) [Âde] ,
,À vous ,Ayaltsí,,Șș Áá Ëë Íí Öö
,Absent ,Binto,,
,Absolument ,Kamëní,De Ka (Tout) [Ádi] ,
,Accorder ,Vizgar,,
,Accueil ,Vilka,,
,Acheter ,Komprár ,De Comprar (Acheter) en Portugais ,
,Acte,Söpa,,
,Activité ,Komí,,
,Actuel ,Mire ,De Mirën (Actuellement) [Ádi] ,
,Actuellement,Alkayu,,
,Actuellement ,Mirën,,
,Âde ,Adi,,
,Administration ,Tyen,,Șș Áá Ëë Íí Öö
,Adresse (discours),Agdany,,
,Adresse (lieu),Perejtava,,
,Afin que ,Nutem das,,
,Âge ,Aneí,"De ""aneyan"", année [Ádi] ",
,Aider,Nabrama,,
,Aimer,Mikar,,
,Ainsi ,Töjdin,De Töjat (Comme) et Din (Si) [Ádi] ,
,Alias/J'ai nommé ,Djas,,
,Aller ,Gonar,Anglais Going,
,Allocution ,Ayocuczyon,,
,Alors ,Ayto,,
,Ambitieux ,Entole ,,Șș Áá Ëë Íí Öö
,Ambition ,Entol,,
,Ami/Amie,Zcaye/Zcaya,,
,Amour ,Mikezo ,,
,Ancêtre ,Bragëi,,
,Ancien ,Viztösë,,
,Année ,Aneyan,,
,Annonce ,Ketziny /Kömöloháti,,
,Annoncer,Ketzinar,,
,Appeler ,Ksötar,,
,Appliquer ,Zirmar ,,
,Apprendre ,Kartar,,
,Approcher,Tzëppar,,Șș Áá Ëë Íí Öö
,Après ,Nisku,,
,Archive,Zitter,,
,Armée ,Armiya ,,
,Arrêt ,Vuns,,
,Arrêter ,Agaz,,
,Arrivée,Mintra,,
,Arrivée ,Mintra,,
,Arriver ,Kodrar ,,
,Art ,Arto,,
,Article ,Articál,,
,Artistique ,Artita ,,
,Assassin ,Macza,,Șș Áá Ëë Íí Öö
,Assemblée ,Asembia,,
,Assez ,Komplát ,De Complet ,
,Atteindre ,Soptar ,,
,Attendre ,Veit ,Anglais Wait,
,Attention ,Cíczyo,,
,Au ,Al,,
,Au moins ,Ai mene,,
,Au moment de ,Almon da,,
,Au sujet de ,Gom,,
,Aucun/Aucune ,Nuka,,
,Audace ,Enioda,,
,Aujourd'hui ,Nir ,,Șș Áá Ëë Íí Öö
,Aussi ,Asa,,
,Autant ,Alquantí,De Al (au) [Ádi] et Quantí (quantité) ,
,Automatique ,Autömátik,,
,Autorité ,Vadania ,,
,Autour ,Laotta/Laota,,
,Autour (d'un sujet) ,Nita,,
,Autour (de qqch) ,Nira,,
,Autre ,Zokom,,
,Avancer,Katzem,,
,Avant ,Antö,,
,Avant-garde ,Antogardi,,
,Avec ,Sym,,Șș Áá Ëë Íí Öö
,Avenir ,Kíta,,
,Avis,Pikoj,,
,Avoir ,Anar,,
,Baguage ,Lyug,,
,Base,Banz,,
,Basse,Baptașë,,
,Bataille ,Dyarne,,
,Beau/Belle,Kiodák,,
,Beaucoup ,Tern,,
,Beauté ,Kiod ,,
,Bénir ,Sínar,,
,Bête ,Argo,,Șș Áá Ëë Íí Öö
,Bien ,Betta,,
,Bientôt ,Metprëkö ,De Met (bien) et Prëkösita (tôt) [Ádi] ,
,Bienvenue ,Vilk'oms,,
,Bise,Mistra,,
,Blanc,Bjála,Slave Bielo (blanc),
,Blessure ,Blest,,
,Bleu,Blaw,Allemand Blaue (bleu),
,Bon,Met,,
,Bon,Met,,
,Bonjour,Hosaloi,,
,Bonsoir,Hosaled,,
,Brilliant ,Luyma,,Șș Áá Ëë Íí Öö
,Brilliante ,Vëșëra,,
,Bruit ,Ztáj,De Støj (Bruit) en Danois ,
,Bruyamment ,Ztájmëní,De Støj (Bruit) en Danois ,
,C'est ,Mán të / Mant,,
,C'était ,Mán tëa,,
,Ça va bien ,Avats' a betta,,
,Ça va mal ,Avats' a mido,,
,Cacahuète ,Iprapa,,
,Cadeau/don,Prikezolt,Prikar : Donner + Mikezo : Amour = Prikezö [Ádi] ,
,Calaze / Calazes,Calakzyë / Calakzyen,De Nesquaczyen ( Nesquaciens ) [Ádi] ,
,Calazie ,Calakzy,De Nesquaczy ( Nesquacie ) [Ádi] ,
,Calmement ,Calmömëní,,Șș Áá Ëë Íí Öö
,Candidat ,Kandiqua ,,
,Candidature ,Kandat ,,
,Capitaine/Leader,Vumtas,,
,Car/Parce que ,Inkos ov,Anglais Because of,
,Carrière ,Carietu ,,
,Carte ,Korts ,,
,Ce,Sëi,,
,Ce sera ,Man ya,,
,Ce/Cette,Skë,,
,Ceci ,Hago ,,
,Célébrer ,Luxar,,
,Celui,Sëini,"Sëi : ce, Ini : Lui = Sëini [Ádi] ",Șș Áá Ëë Íí Öö
,Cent ,Ját,,
,Cent un,Játih,,
,Cent vingt-huit ,Játdiashunt,,
,Centre ,Kunt ,,
,Cependant ,Seïdjuránte,De Seï (Ce) et Djuránte (Pendant) [Ádi] ,
,Certain ,Atzi,,
,Certainement ,Atzimëní,De Atzi (Certain) [Ádi] ,
,Ces,Sën,Sëi : Ce + -n particule pluriel = Sën [Ádi] ,
,Ceux,Czë,,
,Chambre ,Kamai,,
,Chance ,Arkom,,
,Changement ,Gavra ,,Șș Áá Ëë Íí Öö
,Changer,Supratar,,
,Chanson ,Tonut,,
,Chant,Camia,,
,Chanter ,Camiar,,
,Chaud ,Kaory,,
,Chaussette ,Zoska,,
,Cher,Ditzi,,
,Chez ,Hiș,De V hiši en slovène ,
,Chien,Galoc,,
,Chien,Galoc,,
,Chocolat ,Zokolatsy,,
,Chose ,Kaba ,,Șș Áá Ëë Íí Öö
,Ciel/Espace/Céleste ,Sëlestí,,
,Cinq,Tzintz,,
,Cinquante ,Qintas,,
,Citoyen ,Adarö,,
,Clairement ,Pïtzem,,
,Code ,Codo,,
,Cœur ,Kálhan,Breton Kalon (cœur) ,
,Combat,Skugej,,
,Combat ,Skugey,,
,Combien ,Töjterni,De Töjat (comment) et Tern (beaucoup) =Töjterni [Ádi] ,
,Combler ,Adromar,,
,Comme ,Ata,,Șș Áá Ëë Íí Öö
,Comme vous voulez ,Aizuwan,,
,Comment ,Töjat ,,
,Comment ça va ? ,Töjat avatsí ? ,,
,Commun ,Saztö,,
,Communauté ,Ztai,,
,Communication ,Kömölor,,
,Complet ,Adromëj,De Adromar (combler) [Ádi] ,
,Complètement ,Adromëní,De Adromar (combler) [Ádi] ,
,Composer ,Komp,,
,Comprendre ,Ondegar,,
,Compte (internet) ,Skorm,,
,Concerner,Kavtar,,Șș Áá Ëë Íí Öö
,Concevoir ,Azasvët,,
,Condamné ,Nitsis,,
,Condamné ,Nicava,,
,Conférence ,Confirëntza,,
,Confirmer ,Zawar,,
,Connaître ,Vedbeko ,,
,Connard ,Starktsëg,,
,Connu,Kyan,,
,Conseil,Spranaj,,
,Constamment ,Kontzeste ,,
,Constitution ,Constituza,,
,Constitutionnel,Konstitusjönalzi,,Șș Áá Ëë Íí Öö
,Contact ,Kontak,,
,Continuer ,Oskozar,,
,Contre ,Sima,,
,Contrée,Mikana,,
,Contrée ,Mikana,,
,Contribuer ,Kontribar,,
,Conversation (sujet) ,Nebedá,,
,Copier ,Kopar,,
,Côté ,Cwogo ,,
,Cour,Nacat,,
,Courir ,Ránar,"De Run, courir en anglais ",
,Couronner ,Skarar ,,Șș Áá Ëë Íí Öö
,Court ,Kurtá,De curto en Portugais ,
,Craindre ,Faír,,
,Création ,Creaczyon ,,
,Créer ,Crear,,
,Crème ,Catzari,,
,Croire ,Venar,,
,D'accord ,Vizog ,,
,Damné ,Nicis,,
,Dangereux ,Mordiasa,,
,Dans,Nínë/Nin,,
,De,Lu/Ok,,
,De _ à _,De_ ryv _,,Șș Áá Ëë Íí Öö
,De hors ,Devëng,De Ven (Hors) en Slovène ,
,De rien ,Devá,De (de) rien (vá) [Ádi] ,
,Debout ,Hilis ,,
,Decision ,Desyzio,²,
,Déclaration ,Tzadi,,
,Déclarer ,Nagamu ,,
,Découvrir ,Zipiakar,,
,Dehors,Sibsi ,,
,Déjà ,Prëșatme,"De ""Présentement"" proche du sens de déjà ",
,Demain ,Pröximas,,
,demander,Dimjendar,,
,Démocratie ,Dëmökracja,,Șș Áá Ëë Íí Öö
,Démocratique ,Democratitza,,
,Départ,Simbra,,
,Départager,Despudar,,
,Dépressif ,Kiomïa,,
,Dépression ,Kiomï,,
,Depuis ,Sinis,Anglais Since,
,Derrière ,Btini,,
,Des,Luen,,
,Des ,Den,"De : ""De"" (De) + particule du pluriel -n  [Ádi] ",
,Description ,Naluma,,
,Dessous ,Deluntá,De Luntá (Sous) en Âde ,
,Dessus ,Desibei ,De Sibei (Sur) en Âde ,Șș Áá Ëë Íí Öö
,Détruire ,Kasser ,,
,Deux,Di,,
,Deuxième ,Dian,,
,Devenir,Bikuș,Anglais Become,
,Devenir ,Bicuș,,
,Devoir ,Goram,,
,Devoir (il doit) ,Flen,,
,Dialecte ,Dilecta,,
,Dictionnaire ,Diksönáry,,
,Dieu ,Dïnus,,
,Différent ,Avar,,
,Difficile,Maskaya,,Șș Áá Ëë Íí Öö
,Difficile ,Dífikulti,,
,Difficilement ,Dífikultimëní,,
,Dire ,Dagar,,
,Discours ,Disku,,
,Disparaître ,Dispatzar,,
,Disponible ,Tabiol ,,
,Dix,Ebas ,,
,Dominer,Rytzem,,
,Donc,Enk,,
,Donner,Prikar,,
,Dont ,Sëidas ,De ce (sëi) et das (que) [Ádi] ,
,Dormir ,Filar,,Șș Áá Ëë Íí Öö
,Doucement ,Macziomëní,De Macio (Doux) en Portugais ,
,Douleur ,Askagay,,
,Douter ,Gwet,,
,Drapeau ,Vlagaj ,De Flag en anglais ,
,Droit ,Yeg,,
,Droite ,Adria ,,
,Écologique ,Ëkölökistava,,
,Écouter ,Mazir,,
,Écouter ,Prad ,,
,Écrire ,Vricar,Anglais Write,
,Écriture ,Skivi ,,
,Élaboration ,Czyma,,Șș Áá Ëë Íí Öö
,Élection ,Dragtí,,
,Élire ,Dragtiar,,
,Élire ,Electar,,
,Empêcher ,Kaep,,
,En (général),Nimink,,
,En (géographique),Nimink,,
,En (temps) ,Stëa,,
,En effet ,Sinom,,
,En fonction de ,Nin sömi lu,,
,Enchanté ,Dalașí,,
,Encore ,Koma ,,
,Engagé ,Nunga,,Șș Áá Ëë Íí Öö
,Engagement ,Delgis,,
,Ennemi,Vangat,,
,Énorme ,Sterdníe ,De Sterdö (grand) et Soudníe (Immense) [Ádi] ,
,Ensemble ,Davne ,,
,Ensemble ,Klitze,,
,Ensuite ,Quama,,
,Entendre ,Álgátar,"De Hallgatni, Entendre en Hongrois ",
,Entre,Omi,,
,Entrer ,Saladar,,
,Envoyer/Tchatter,Sene/Senne,Anglais Send,
,Espérer ,Opar,,
,Espoir,Nijöva,,Șș Áá Ëë Íí Öö
,Espoir ,Nijova ,,
,Esprit ,Spinis,Anglais Spirit,
,Est,Ayista ,,
,Est ,Yëe,,
,Et ,Nahwi/Et,,
,État ,Sademy,,
,État (matière) ,Mader,,
,Étoile ,Stava ,,
,Être ,Exir,,
,Être tenté ,Öluvar,,
,Eux,Zë,De Czë (ceux) [Ádi] ,
,Evènement,Vítëș,,Șș Áá Ëë Íí Öö
,Évidemment ,Evidentëmëní,,
,Evident ,Evidentë,,
,Évoluer ,Satemar,,
,Évolution ,Xhatema,,
,Excellence ,Adozta,,
,excellent,Bouna,,
,Exclu/Viré ,Viros,,
,Exemple ,Misan,,
,Exister ,Zaigacar,,
,Expérience ,Diöga,,
,Expiration/Fin,Yendovar,,
,Extérieur ,Vëngteriorita,De Vëng (Hors) et Interiota (Intérieur) [Ádi] ,Șș Áá Ëë Íí Öö
,Façade/Littoral,Pëlitöra,,
,Facile ,Eze,De Easy en Anglais ,
,Facilement ,Ezemëní,,
,Faible ,Síbkö,De Šibko (Faible) en Slovène ,
,Faim,Fimbazi ,,
,Faim ,Fama,,
,Faire ,Amád,Anglais Made,
,Faire régner ,Ragtar,,
,Famille,Míbel,,
,Faux,Fasso,,
,Favorable,Kjatzas,,
,Féliciter ,Feilizar,,Șș Áá Ëë Íí Öö
,Féminin ,Feminitzi,,
,Femme ,Frodá,,
,Fermé ,Klöși,,
,Ferme (dure) ,Strá,,
,Fermer ,Klös,"De Close, fermer en anglais ",
,Fertile ,Vtamë,,
,Fête ,Fetza,,
,Fêter ,Fetzar,,
,Fictif ,Fictito,,
,Fier ,Fesku ,,
,Figure ,Fivia,,
,Fils ,Lakri ,,Șș Áá Ëë Íí Öö
,Fini ,Fins,,
,Finir ,Finsar,"De fini : ""fins"" en âde = Finsar ",
,Fois,Tinë,,
,Fonction,Sömi,,
,Fondateur ,Fundarír,"Fundar : fondation, meill(eur) : bett(ír) [Ádi] ",
,Fondation ,Fundar,,
,Fonder,Qavir,,
,Fonder,Qavir,,
,Force (armée) ,Kayrë,,
,Formé ,Fuermata,,
,Fort ,Kvu,,
,Fossé ,Futs,,Șș Áá Ëë Íí Öö
,Foule ,Tega,,
,Fragile ,Vodomma,,
,France ,Gali/Galy,,
,Frère ,Namsi,,
,Froid ,Qulpi ,,
,Front (guerre),Fru,,
,Fumant,Pudojka,,
,Fumée,Pudojk,,
,Fumer,Pudojkar,,
,Gagner ,Vimar,,
,Gauche ,Vingia,,
,Général ,Salmëva,,Șș Áá Ëë Íí Öö
,Genre ,Jundrëi,Anglais Gender,
,Glacé ,Galiton,,
,Gloire,Glor,,
,Goûter ,Iczu ,De Ízű (le goût) en Hongrois ,
,Gouvernement ,Djevarjas ,,
,Grâce à ,Krav a,,
,Grand ,Sterdö,,
,Grand-chose ,Nekaba ,,
,Gris ,Sinzá,Portuguais Cinza (gris),
,Gros ,Perta ,,
,Guide ,Veztás,,
,Guider ,Viztár,,Șș Áá Ëë Íí Öö
,Habiter ,Sobar,,
,Haïr,Apkar ,,
,Haut ,Hial,,
,Heure ,Ura,,
,Hier,Pjetë,,
,Hier,Antárerë,Inverse de Pröximas (demain) [Ádi] ,
,Homme,Kelba,,
,Homme ,Czygua,,
,Honneur ,Horona,,
,Horizon,Foj,,
,Hors ,Vëng,De Ven (Hors) en Slovène ,
,Hourra,Husa,,Șș Áá Ëë Íí Öö
,Huit,Hut,,
,Humilité ,Umilici,,
,Hymne ,Kantema,,
,Ici ,Yeh,,
,Idéal ,Idelö,,
,Idée ,Idi,,
,Il faut ,Aba,,
,Il n'y a pas,Ne hab,,
,Il y a ,Hab,,
,Imaginer ,Imanar,,
,Immense ,Soudníe,,
,Imparfait ,Adidrá,,Șș Áá Ëë Íí Öö
,Important ,Imbaj,,
,Impossible ,Tescu,,
,Incroyable ,Ankredibe ,,
,Indépendant ,Indipandantë,,
,Infini ,Terfins,,
,Infographie ,Infografia,,
,Information ,Slitzë,,
,Intéressé ,Intizto,,
,Intéresser ,Intiztar,,
,Intérieur ,Interiorita ,,
,interroger,pretkar,Listenbourgeois Prætko (pourquoi),
,Inviter,Akajtar,,Șș Áá Ëë Íí Öö
,Irruption/Apparition ,Trazev,,
,Jamais ,Nidsa,,
,Jaune ,Ësqë,,
,Je m'appelle ,Zá gabë,,
,Jeune ,Sami,,
,Joie ,Bolgem ,,
,Jouer ,Spëlar,De Spiele (Jouer) en Allemand ,
Verif 28 avril 2025 ->,Jour,Vargo ,,
,Jour ,Scopaj,,
,Journal ,Pretze,,
,Juger,Pikimar,,
,Juste ,Samö,De Samo (Juste) en Slovène ,Șș Áá Ëë Íí Öö
,Là,Yew,De Yeh (Ici) en Âde ,
,Là-bas ,Yebulta ,De Yew (Là) et Bulta (Loin) en Âde ,
,Laisser ,Ládni ,,
,Lancer,Linsar,,
,Langue ,Vántëmi,,
,Le/La,La,,
,Leçon/cours ,Zensco ,,
,Lentement ,Poczámëní,De Počasi (Lentement) en Slovène ,
,Les ,Sí,,
,Les/la/le (avant verbe) ,La,,
,La ,La,,
,Le ,La,,
,Les ,La,Si avant verbes,
,Leur,Sewí,,
,Leurs ,Sewís,,Șș Áá Ëë Íí Öö
,Lieu,Place,Anglais Place,
,Ligne ,Lida ,,
,Lire ,Rídá,De Read (Lire) en Anglais ,
,Loi,Kyrïa,,
,Loin,Bulta ,,
,Longö,Longö,De Longo en Espagnole ,
,Lors (au moment) ,Almon,,
,Loup ,Mami,,
,Lui,Ini,,
,Lumière ,Lutsa,,
,Magie ,Koyqe,,
,Main,Lunt,,Șș Áá Ëë Íí Öö
,Maintenant ,Dina ,,
,Mais,Bet,,
,Maître ,Mistro ,,
,Mal ,Malë,,
,Malédiction ,Maledictat,,
,Malicieux ,Malutze ,,
,Mandat,Mandate,,
,Manger ,Mankar,,
,Manière ,Gom,,
,Marche ,Marza,,
,Marcher,Marzar,,
,Marcher ,Marzar,,Șș Áá Ëë Íí Öö
,Marque de pluriel ,_En (Nam -> Namen) ,,
,Masculin ,Masculitö,,
,Mauvais ,Midoi,,
,Me,Zmái,De Zmán (mes) [Ádi] ,
,Membre,Karts ,,
,Même ,Mismë,,
,Merci ,Ataí/Ataj ,,
,Merci beaucoup ,Atatërë ,,
,Merde ,Zqaytse,,
,Mère,Matë,,
,Mériter ,Meritar,,
,Mes,Zmán,,Șș Áá Ëë Íí Öö
,Message ,Mesaga,,
,Météo,Tzeyu,,
,Mettre ,Metar,,
,Mieux/Meilleure ,Bettír,Anglais Better,
,Milieu ,Álfplace ,De Álf (Moitié) et Place (Lieu) [Ádi] ,
,Mille ,Ëșer,,
,Mimosa,Mimöșa,,
,Ministère ,Ministeria,,
,Minuscule ,Meyninca ,De Meya (très) et Minca (petit) [Ádi] ,
,Mission ,Mánit,,
,Modèle ,Mödellí,,
,Moi,Zim,,Șș Áá Ëë Íí Öö
,Moi,Zu,,
,Moins ,Mene,,
,Mois ,Zu,,
,Moitié ,Álf,De Half en Anglais ,
,Moment ,Mont,,
,Mon,Zmi,,
,Mon ,Zmi,,
,Mon/Ma,Zmi,,
,Monde,Ayez,,
,Monnaie,Devnycë,,
,Monter,Tëtanar,Listenbourgeois Altætan (haut),
,Montre (objet) ,Dagura,Dire : Dagar + Heure : Ura = Dagura [Ádi] ,Șș Áá Ëë Íí Öö
,Montrer ,Chonar,Anglais Show,
,Mort,Dodkyu,,
,Mou ,Bleuw,,
,Mouvement,Döbína,,
,Mouvement ,Dobïna,,
,Moyen (taille) ,Ominstëz,"De Omi (entre), ""Min"" ca (petit) , ""Ste""rdö (grand) [Ádi] ",
,Musée ,Kömönik,,
,Musique ,Musika,,
,Naissance,Uditëa,,
,Naissance ,Udibeans,,
,Naître,Udibar,,
,Naître ,Udibar,,Șș Áá Ëë Íí Öö
,Nation ,Naczyöna,,
,National ,Nacziönalzi,,
,Nationalité ,Nattalita,,
,Nature,Lïuz (prononcé layouche) ,,
,Négation (avant verbe) ,Ne _,,
,Neige ,Grats,,
,Neuf ,Nuyn,,
,Neutralité ,Nëutralita,,
,Niveau ,Nïvel,,
,Noir,Kvárt,,
,Nom,Nadjo ,,
,Nombreux ,Uyuz,,Șș Áá Ëë Íí Öö
,Non,Níe,,
,Non,Na,,
,Nord,Varm,,
,Nos,Kamín,,
,Notable ,Nedesku,,
,Notre ,Kamí,,
,Nouveau ,Kída,,
,Nouveauté ,Kídatëa,,
,Nouvelle ,Arton,,
,Nuit,Lejuç,,
,Nulle part ,Zeruplace,De Zeru (Zéro) et Place (Lieu) [Ádi] ,
,Obéir ,Opinta,,Șș Áá Ëë Íí Öö
,Objectif,Zema,,
,Objectif ,Zema/Zemo,,
,Obscurcir,Zanicar,,
,Officiel ,Unfichiel,,
,Offrir ,Prikezar,Prikar : Donner + Mikezo : Amour = Prikezar [Ádi] ,
,Ombre,Zanica,,
,On fait pas le poids ,Nemia ,,
,Onze,Ebasih,,
,Or (pourtant) ,Zobet,De Zokom (autre) et Bet (mais) [Ádi] ,
,Orage,Urtön,,
,Orageux,Urtöna,,
,Organe ,Organni ,,Șș Áá Ëë Íí Öö
,Organisation ,Organisat,,
,Original,Orihinal,,
,Originalité ,Orihinalita,,
,Ou,Unu,,
,Ou,unu,,
,Où.,On,,
,Oublier ,Kadoar,,
,Ouest ,Wytza,,
,Oui,Sj,,
,Oui ,Di,,
,Outil,Utiliz,,
,Ouvert ,Öpëjși,,Șș Áá Ëë Íí Öö
,Ouverture ,Sídris,,
,Ouvrir ,Öpëj,"De Open, ouvrir en anglais ",
,Par,Per,,
,Par,Svá,,
,Par conséquent/Donc ,Stau,Anglais So,
,Parcours ,Parcuru,,
,Pardon ,Perprija,Per (par) Donner (Prikar) [Ádi] ,
,Parfait ,Didrö,,
,Parfois ,Pokme,,
,Parler ,Speqár,Anglais Speak,
,Parler (le parler) ,Speqaeta,,
,Parlez-vous l'Âde,Të vaner Ádi ? ,,Șș Áá Ëë Íí Öö
,Parti (politique) ,Nuruna ,,
,Partir ,Gover,,
,Partout,Pratki,,
,Partout ,Perka,De Per (Par) et Ka (Tout) [Ádi] ,
,Passé ,Pastu,ex-Kondei,
,Passeport ,Siporcö,,
,Passer,Spakis,,
,Patrie ,Zvetmënu,,
,Patriotique ,Patriotzi,,
,Pays ,Zema,,
,Peine ,Pëna,,
,Pendant ,Djuránte,De Durante (Pendant) en Portugais ,Șș Áá Ëë Íí Öö
,Penser,Pinir,,
,Père,Patë,,
,Permettre ,Permettar,,
,Personne ,Nam,,
,Personne (≠nombreux),Novim ,,
,Petit ,Minca,,
,Peu,Minö,De Minca (petit) [Ádi] ,
,Peuple ,Tegtöni,,
,Peut-être ,Pöyisexir,De Pö (Pouvoir) et Exir (Être) [Ádi] ,
,Plaie ,Örödren,,
,Plaire ,Vabar,,
,Pluie ,Palei,Kétonien Pilsei,Șș Áá Ëë Íí Öö
,Plus ,Mid,,
,Plus (de personnes) ,Neczesco,,
,Plusieurs ,Cuma,,
,Plutôt ,Zikat,,
,Point ,Karia,,
,Police ,Policja,,
,Politique ,Pölitë,,
,Politique (adjectif) ,Politotzi,,
,Pomme ,Soura,,
,Porter ,Harlá,,
,Poser,Pondar ,,
,Pour ,Dmá,,Șș Áá Ëë Íí Öö
,Pourquoi ,Pad,,
,Pourtant ,Dmáquantí,De Dmá (Pour) et Quantí (Tant) ,
,Pouvoir (verbe) ,Pö,,
,Précipitamment ,Preczipitálmëní,,
,Premier ,Ihan,,
,Prendre ,Teqar ,Anglais Take,
,Près,Prjí,De Proz (Prochain) en Âde ,
,Présent,Prusau,,
,Présenter ,Prasar ,,
,Presque ,Quasí,De Quase en Portugais ,
,Pression ,Zkipos,,
,Prêt ,Vata,,Șș Áá Ëë Íí Öö
,Prière ,Pereit ,,
,Principale ,Firma/Firmá,,
,Prise ,Priz,,
,Privé ,Prif,,
,Probablement ,Pröbabilimëní,,
,Problème/Soucis ,Ratzeki,,
,Prochain,Prozimas,,
,Proclamer,Perklamar,,
,Production ,Pereza,,
,Professionnel,provesjönalzi,,
,Progrès ,Tarmys,,
,Projet ,Yabon,,Șș Áá Ëë Íí Öö
,Prometteur ,Alupa,,
,Promettre ,Alupar ,,
,Prospère ,Prospera ,,
,Protection ,Agosue,,
,Pseudonyme ,Psëdei,,
,Puis ,Elet ,De Et (Et) en Âde ,
,Putain ,Vuntah,,
,Quai/Bords,Cașișka,Listenbourgeois Aziz (bord),
,Quand ,Kip,,
,Quarante ,Qias,,
,Quartz ,Quártș,,
,Quatre ,Quatrö,,Șș Áá Ëë Íí Öö
,Quatre-vingt ,Huntias,,
,Quatre-vingt-dix ,Varias,,
,Que,Vit/Kil/Kitë/Das,,
,Question ,Pregs,,
,Questionner ,Posar,,
,Quitter,Squazikar,,
,Quoi (général),Kik,,
,Quotidien ,Dinaya,,
,Raison ,Kanultzi,,
,Rapide,Vitvaya,,
,Rapidement ,Rapidömëní,,
,Rassembler ,Níbölar,,Șș Áá Ëë Íí Öö
,Ratifié,Ratzivida,,
,Recevoir ,Reczeptar ,,
,Recruter ,Ragar,,
,Référendum,Prohtöva,,
,Réforme ,Refurmia,,
,Règle ,Sëbë,,
,Régner ,Agtar,,
,Régulier ,Ayeg,,
,Rejoindre (1er fois) ,Jongar ,,
,Rentrer,Slad ,,
,République ,Nagdi,,
,Respect ,Rimki,,Șș Áá Ëë Íí Öö
,Responsabilité,Resputzimaș,,
,Rester,Tapëtar,,
,Retour,Rita,,
,Retrouver,Fadar,,
,Réunir ,Avad,,
,Réussite ,Reuscita,,
Verif 4 mai 2025 ->,Rêve ,Pritzis,,
,Revendiquer,Vendikacziar,,
,Rien ,Vá,,
,Rose ,Roșaí,,
,Rouge ,Beder,,
,Route ,Ruda,Anglais Road,Șș Áá Ëë Íí Öö
,Royaume ,Kingera ,,
,S'asseoir ,Sïedar,,
,S'il vous plaît ,Wavos,,
,S'illustrer,Manatar,,
,Sage ,Segö,,
,Salon,Mïleș,,
,Saluer ,Zimar,,
,Salut (Au revoir) ,Chioï,,
,Salut (Bonjour) ,Sakpas,,
,Salut (Le salut) ,Sakda,,
,Salut à tous ,Chioï a ka,,
,Sans,Hervi,,Șș Áá Ëë Íí Öö
,Sauver ,Pruletar,,
,Savoir (verbe) ,Sögar,,
,Se lever ,Elëvar,,
,Se sentir ,Ser,,
,Seigneur ,Arfat,,
,Semaine ,En,Anglais Week,
,Sentir ,Sler,"De ""Ser"", se sentir en âde ",
,Sept ,Dioní,,
,Septentrional ,Zeptantrionali,,
,Serment,Payal,,
,Serment,Payal,,
,Serveur,Hëbergiont,,Șș Áá Ëë Íí Öö
,Serveur/Hébergeur,Ebergiönt,,
,Ses,Hán,,
,Ses,E,,
,Seulement ,Onle,Anglais Only,
,Si (c'est si grand) ,Numu,,
,Si (tellement),Numu,,
,Si.,Din,,
,Signature ,Sprit,,
,Silence ,Tiziná,De Tišina (Silence) en Slovène ,
,Silencieusement ,Tizinámëní,De Tišina (Silence) en Slovène,
,Simuler,Kabrer,,
,Singulier,Zëi,,Șș Áá Ëë Íí Öö
,Singulier ,Zëi,,
,Site,Sitiö,,
,Six,Siksë,,
,Social ,Sösiala,,
,Société ,Socaita,,
,Soirée,Ivnat,,
,Soixante ,Sikseas,,
,Soixante-dix ,Dionías,,
,Soldat,Kuöva,,
,Soleil ,Ningoi,,
,,,,
,Son/Sa,Hí,,Șș Áá Ëë Íí Öö
,Sortir ,Eskipar,,
,Souhaiter,Scopar,,
,Soumettre ,Uzitsar,,
,Sous ,Söbei,"Inverse de Sibei (""sur"" en âde) ",
,Sous ,Luntá,De Untá (Bas) en Âde ,
,Souvent ,Toldë,,
,Stable ,Stabaya ,,
,Studio,Frazits,,
,Studio ,Frasits,,
,Sud ,Yarm,,
,Suffire ,Czepeut,,
,Suite,Nesta,,Șș Áá Ëë Íí Öö
,Suivre ,Suhabar,,
,Sujet ,Töpiska,Anglais Topic,
,Supporter ,Suportar,,
,Suprême,Suprëmalzi,,
,Sur,Ice,,
,Symbole,Simboly,,
,Symbolique ,Simbölinë,,
,Système ,Göpö,,
,Ta gueule ,Tsi gteka,,
,Tant ,Quantí,De Quantité ,
,Tard,Tárdas ,De Tardes en Espagnole ,
,Te ,Tsai,,Șș Áá Ëë Íí Öö
,Téléphone ,Nitvönö,Anglais Phone,
,Tellement ,Töjmëní,De Töjat (Comme) [Ádi] ,
,Température ,Termoza,,
,Tempête ,Akrëö,,
,Temps ,Gaimë,,
,Tenir,Kamir,,
,Terrain ,Kaiksa,,
,Terre (planète) ,Ajkeba,,
,Terre natale ,Ksuntërë,,
,Tes,Tsán,,
,Tête ,Calví,,
,Texte ,Tej,,Șș Áá Ëë Íí Öö
,Toi,Tis,,
,Ton,Tsi,,
,Ton/Ta,Tsí,,
,Tonner/Gronder(orage) ,Tönir,,
,Tôt ,Prëkösita,De precose ,
,Totalement ,Tötálmëní,,
,Toucher ,Dötar,De Na dotik (Toucher) en Slovène ,
,Toujours ,Asëkaj,,
,tourner (cinéma),veșar,Portugais Vez (tourner),
,Tous,Kelka,,
,Tous ,Ka,,
,Tout d'abord ,Ka Vadena ,,Șș Áá Ëë Íí Öö
,Trace ,Fogös,,
,Trahir,Köbar,,
,Train ,Trinë,,
,Transmettre,Fratzjar,,
,Travailler ,Arbájtar ,"De Arbeit, le travail en Allemand ",
,Trente ,Trias,,
,Très ,Meya,,
,Trois ,Tri,,
,Troisième ,Trian,,
,Trop,Meyadö,De Meya (très) et Sterdö (grand) [Ádi] ,
,Trou ,Miraj,,
,Un (1),Ih,,Șș Áá Ëë Íí Öö
,Un peu ,Teg,,
,Un/Une,Si,,
,Union ,Midsa,,
,Univers ,Uzanva ,,
,Universel ,Uzanvatö,,
,Untá,Bas,De Runter (Bas) en Allemand ,
,Urgence ,Adan,,
,Utiliser ,Pörabö,De Uporabo (Utiliser) en Slovène ,
,Vaincre ,Zkitar ,,
,Valeur ,Valdi,,
,Valoriser ,Valorara,,
,Variété ,Varieta,,Șș Áá Ëë Íí Öö
,Vendre ,Vendar,De Vender (Vendre) en Portugais ,
,Venger,Bovar,,
,Venir,Zydsym,,
,Vers,Dret,,
,Vers ,Goyë,"Issue de Gonar (""aller"" en âde) ",
,Vert ,Șodj,Hongrois Zöld (vert),
,Victoire ,Viktorya,,
,Vie,Bja,,
,Vie ,Bja,,
,Vieux ,Viztö,De Viztösë (Ancien) [Ádi] ,
,Vigueur ,Vinugmá,,
,Ville ,Kaperu,,Șș Áá Ëë Íí Öö
,Vingt,Dias,,
,Vingt et un,Diasih,,
,Violet ,Lilá,,
,Vite ,Hítrö,De Hitro (Vite) en Slovène ,
,Vivant,Bjamëa,,
,Vivant ,Bjamea,,
,Vivant (adj),Bjalzi,,
,Vivant (le vivant),Bjamëa,,
,Vivre,Bjamar,,
,Vivre,Bjamar,,
,Voie ,Fintëa,,
,Voir ,Svë,,Șș Áá Ëë Íí Öö
,Voix ,Sölgat,,
,Volonté ,Volunat,,
,Vos,Altsen,,
,Vote,Paödava,,
,Voter,Pavötar,,
,Votre ,Altsí,,
,Vouloir ,Volunar ,"De Volunat, la volonté en âde ",
,Vrai ,Vrin,,
,Wagon,Mirc,,
,Zéro ,Zeru,,
,Zone revendiquée ,Vendikab ,,
,,,,Șș Áá Ëë Íí Öö
,,,,
,,,,
,,,,
,,,,
,,,,
,,,,
,,,,
,,,,
,,,,
,,,,
,,,,
,,,,Șș Áá Ëë Íí Öö
,,,,
,,,,
,,,,
,,,,
,,,,
,,,,
,,,,
,,,,
,,,,
,,,,
,,,,
,,,,Șș Áá Ëë Íí Öö
,,,,
,,,,
,,,,
,,,,
,,,,
,,,,
,,,,
,,,,
,,,,
,,,,
,,,,
,,,,Șș Áá Ëë Íí Öö
,,,,
,,,,
,,,,
,,,,
,,,,
,,,,
,,,,
,,,,
,,,,
,,,,
,,,,
,,,,Șș Áá Ëë Íí Öö
,,,,
,,,,
,,,,
,,,,
,,,,
,,,,
,,,,
,,,,
,,,,
,,,,
,,,,
,,,,Șș Áá Ëë Íí Öö
,,,,
,,,,
,,,,
,,,,
,,,,
,,,,
,,,,
,,,,
,,,,
,,,,
,,,,
,,,,Șș Áá Ëë Íí Öö
,,,,
,,,,
,,,,
,,,,
,,,,
,,,,
,,,,
,,,,
,,,,
,,,,
,,,,
,,,,Șș Áá Ëë Íí Öö
,,,,
,,,,
,,,,
,,,,
,,,,
,,,,
,,,,
,,,,
,,,,
,,,,
,,,,
,,,,Șș Áá Ëë Íí Öö
,,,,
,,,,
,,,,
,,,,
,,,,
,,,,
,,,,
,,,,
,,,,
,,,,
,,,,
,,,,Șș Áá Ëë Íí Öö
,,,,
,,,,
,,,,
,,,,
,,,,
,,,,
,,,,
,,,,
,,,,
,,,,
,,,,
,,,,Șș Áá Ëë Íí Öö
,,,,
,,,,
,,,,
,,,,
,,,,
,,,,
,,,,
,,,,
,,,,
,,,,
,,,,
,,,,Șș Áá Ëë Íí Öö
,,,,
,,,,
,,,,
,,,,
,,,,
,,,,
,,,,
,,,,
,,,,
,,,,
,,,,
,,,,Șș Áá Ëë Íí Öö
,,,,
,,,,
,,,,
,,,,
,,,,
,,,,
,,,,
,,,,
,,,,
,,,,
,,,,
,,,,Șș Áá Ëë Íí Öö